<?xml version="1.0"?>
<object xmlns:i18n="http://xml.zope.org/namespaces/i18n"
    name="CNLSE Researcher"
    meta_type="Dexterity FTI"
    i18n:domain="acentoweb.cnlse">

  <!-- Basic properties -->
  <property
      i18n:translate=""
      name="title">CNLSE Researcher</property>
  <property
      i18n:translate=""
      name="description">CNLSE Researcher</property>

  <property name="allow_discussion">False</property>
  <property name="factory">CNLSE Researcher</property>
  <property name="icon_expr"></property>
  <property name="link_target"></property>

  <!-- Hierarchy control -->
  <property name="global_allow">True</property>
  <!-- Schema, class and security -->
  <property name="add_permission">acentoweb.cnlse.AddCNLSEResearcher</property>
  <property name="klass">acentoweb.cnlse.content.cnlse_researcher.CNLSEResearcher</property>
  <property name="model_file"></property>
  <property name="model_source"></property>
  <property name="schema">acentoweb.cnlse.content.cnlse_researcher.ICNLSEResearcher</property>

  <!-- Enabled behaviors -->
  <property name="behaviors" purge="false">
    <!-- Details about all standard behaviors following can be read at
         https://docs.plone.org/external/plone.app.dexterity/docs/reference/standard-behaviours.html
    -->
    <element value="plone.namefromtitle"/>
    <element value="plone.allowdiscussion"/>
    <element value="plone.excludefromnavigation"/>
    <element value="plone.shortname"/>
    <element value="plone.ownership"/>
    <element value="plone.publication"/>
    <element value="plone.categorization"/>
    <element value="plone.basic"/>
    <element value="plone.locking" />
    <!--<element value="plone.app.referenceablebehavior.referenceable.IReferenceable" />-->
    <!--<element value="plone.leadimage"/>-->
    <!--<element value="plone.relateditems"/>-->
    <!--<element value="plone.richtext"/>-->
    <!--<element value="plone.tableofcontents"/>-->
    <!--<element value="plone.versioning" />-->
    <!--<element value="plone.translatable" />-->
  </property>

  <!-- View information -->
  <property name="add_view_expr">string:${folder_url}/++add++CNLSE Researcher</property>
  <property name="default_view">cnlse-researcher-view</property>
  <property name="default_view_fallback">False</property>
  <property name="immediate_view">cnlse-researcher-view</property>
  <property name="view_methods">
    <element value="cnlse-researcher-view"/>
  </property>

  <!-- Method aliases -->
  <alias
      from="(Default)"
      to="(dynamic view)"
  />
  <alias
      from="edit"
      to="@@edit"
  />
  <alias
      from="sharing"
      to="@@sharing"
  />
  <alias
      from="view"
      to="(selected layout)"
  />

  <!-- Actions -->
  <action
      action_id="view"
      category="object"
      condition_expr=""
      i18n:attributes="title"
      title="View"
      url_expr="string:${object_url}"
      visible="True">
    <permission value="View"/>
  </action>
  <action
      action_id="edit"
      category="object"
      condition_expr="not:object/@@plone_lock_info/is_locked_for_current_user|python:True"
      i18n:attributes="title"
      title="Edit"
      url_expr="string:${object_url}/edit"
      visible="True">
    <permission value="Modify portal content"/>
  </action>

</object>
